{
  "n": 10,
  "baseline": {
    "mean": 17415.97,
    "sd": 62.33715906263338,
    "cv_pct": 0.3579310199927617
  },
  "kernel": {
    "mean": 11352.203000000001,
    "sd": 155.6397528518267,
    "cv_pct": 1.3710092468556692
  },
  "bpftime": {
    "mean": 10660.247,
    "sd": 325.2999178211461,
    "cv_pct": 3.0515232697811423
  },
  "aggregate_delta_pct": -6.095345546586877,
  "paired_delta_pct": {
    "values": [
      -4.436528553831254,
      -11.528760547979655,
      -4.627060730720656,
      -9.814022557410794,
      -3.2572270201032696,
      -2.9324181549772796,
      -5.825683083121011,
      -2.61988369462985,
      -8.270287094866786,
      -7.499098331805214
    ],
    "mean": -6.081096976944577,
    "sd": 3.0762085825609935,
    "positive": 0,
    "negative": 10
  }
}
