{
  "n": 10,
  "baseline": {
    "mean": 14906.89,
    "sd": 69.82221104745668,
    "cv_pct": 0.4683888527215045
  },
  "kernel": {
    "mean": 10208.722,
    "sd": 118.48442277362886,
    "cv_pct": 1.1606195444799932
  },
  "bpftime": {
    "mean": 10025.162,
    "sd": 224.97574189232049,
    "cv_pct": 2.2441107873600497
  },
  "aggregate_delta_pct": -1.7980703167350378,
  "paired_delta_pct": {
    "values": [
      -2.0670555850091703,
      -0.9051883833169393,
      -2.3054011024999745,
      -2.4802859048776984,
      1.4634969200253525,
      -3.4496547209051114,
      1.1677288671508352,
      -1.6884607014975461,
      -3.6745910764086918,
      -4.039840605872061
    ],
    "mean": -1.7979252293211005,
    "sd": 1.894811300707511,
    "positive": 2,
    "negative": 8
  }
}
