{
  "n": 10,
  "baseline": {
    "mean": 15711.426000000001,
    "sd": 49.44432855916529
  },
  "kernel": {
    "mean": 10692.094000000001,
    "sd": 213.21222365416935
  },
  "bpftime": {
    "mean": 10722.725,
    "sd": 343.43070859426007
  },
  "aggregate_delta_pct": 0.28648270394928627,
  "paired_delta_pct": {
    "values": [
      -2.0024683427223,
      -4.08877467982547,
      4.055802251241566,
      -1.3462326336813224,
      -5.189906480551097,
      0.164064310219819,
      7.2626296354494055,
      5.575105820977734,
      1.6834448668776283,
      -2.747886153097167
    ],
    "mean": 0.33657785948887986,
    "sd": 4.203589616003237,
    "positive": 5,
    "negative": 5
  }
}
