{
  "n": 5,
  "baseline": {
    "values": [
      14931.42,
      15020.99,
      14975.02,
      14969.23,
      14904.99
    ],
    "mean": 14960.330000000002,
    "sd": 44.36480981588898
  },
  "kernel": {
    "values": [
      10335.12,
      10209.01,
      10059.58,
      10048.96,
      10160.27
    ],
    "mean": 10162.588,
    "sd": 117.73873266686765
  },
  "bpftime": {
    "values": [
      9909.19,
      9563.67,
      10257.26,
      10012.63,
      10013.19
    ],
    "mean": 9951.188,
    "sd": 251.61154031562225
  },
  "aggregate_delta_pct": -2.080178789103717,
  "paired_delta_pct": {
    "values": [
      -4.121190658647411,
      -6.321278948693361,
      1.965091981971417,
      -0.36152994936789407,
      -1.4475993256084723
    ],
    "mean": -2.057301380069144,
    "sd": 3.2352808749529345,
    "positive": 1,
    "negative": 4
  }
}
