{
  "n": 5,
  "baseline": {
    "values": [
      15947.9,
      16106.23,
      15951.39,
      16169.56,
      16006.84
    ],
    "mean": 16036.384,
    "sd": 98.15874505106507
  },
  "kernel": {
    "values": [
      11139.62,
      10694.01,
      10871.99,
      10723.24,
      11122.66
    ],
    "mean": 10910.304,
    "sd": 212.67633608373094
  },
  "bpftime": {
    "values": [
      11060.61,
      11328.11,
      11638.99,
      11007.23,
      11501.25
    ],
    "mean": 11307.238000000001,
    "sd": 273.3888514917899
  },
  "aggregate_delta_pct": 3.638157103596757,
  "paired_delta_pct": {
    "values": [
      -0.7092701546372338,
      5.929487629055895,
      7.054826209369214,
      2.648360010593811,
      3.4037721192592434
    ],
    "mean": 3.6654351627281856,
    "sd": 3.035410238523239,
    "positive": 4,
    "negative": 1
  }
}
