{
  "private": {
    "n": 5,
    "baseline": {
      "values": [
        15947.9,
        16106.23,
        15951.39,
        16169.56,
        16006.84
      ],
      "mean": 16036.384,
      "sd": 98.15874505106507
    },
    "kernel": {
      "values": [
        11139.62,
        10694.01,
        10871.99,
        10723.24,
        11122.66
      ],
      "mean": 10910.304,
      "sd": 212.67633608373094
    },
    "bpftime": {
      "values": [
        11060.61,
        11328.11,
        11638.99,
        11007.23,
        11501.25
      ],
      "mean": 11307.238000000001,
      "sd": 273.3888514917899
    },
    "aggregate_delta_pct": 3.638157103596757,
    "paired_delta_pct": {
      "values": [
        -0.7092701546372338,
        5.929487629055895,
        7.054826209369214,
        2.648360010593811,
        3.4037721192592434
      ],
      "mean": 3.6654351627281856,
      "sd": 3.035410238523239,
      "positive": 4,
      "negative": 1
    }
  },
  "host": {
    "n": 5,
    "baseline": {
      "values": [
        14931.42,
        15020.99,
        14975.02,
        14969.23,
        14904.99
      ],
      "mean": 14960.330000000002,
      "sd": 44.36480981588898
    },
    "kernel": {
      "values": [
        10335.12,
        10209.01,
        10059.58,
        10048.96,
        10160.27
      ],
      "mean": 10162.588,
      "sd": 117.73873266686765
    },
    "bpftime": {
      "values": [
        9909.19,
        9563.67,
        10257.26,
        10012.63,
        10013.19
      ],
      "mean": 9951.188,
      "sd": 251.61154031562225
    },
    "aggregate_delta_pct": -2.080178789103717,
    "paired_delta_pct": {
      "values": [
        -4.121190658647411,
        -6.321278948693361,
        1.965091981971417,
        -0.36152994936789407,
        -1.4475993256084723
      ],
      "mean": -2.057301380069144,
      "sd": 3.2352808749529345,
      "positive": 1,
      "negative": 4
    }
  },
  "private_minus_host_delta_pct": {
    "values": [
      3.411920504010177,
      12.250766577749257,
      5.089734227397797,
      3.009889959961705,
      4.851371444867715
    ],
    "mean": 5.72273654279733,
    "sd": 3.757477629658771
  }
}
