{
  "n": 10,
  "baseline": {
    "mean": 16002.454000000002,
    "sd": 67.71597582714337
  },
  "kernel": {
    "mean": 10833.873,
    "sd": 149.13413105508565
  },
  "bpftime": {
    "mean": 11287.401999999998,
    "sd": 197.21105884024038
  },
  "aggregate_delta_pct": 4.186213000650817,
  "paired_delta_pct": {
    "values": [
      4.597822544079917,
      4.277971797423196,
      3.472396022674336,
      6.753146844116133,
      7.287413531694903,
      -0.10227089117054652,
      6.15105539348745,
      2.7981203798414156,
      1.914602699751326,
      4.882352941176469
    ],
    "mean": 4.20326112630746,
    "sd": 2.278264190481154,
    "positive": 9,
    "negative": 1
  }
}
