{
  "n": 10,
  "baseline": {
    "values": [
      14839.21,
      14941.19,
      14863.1,
      15016.81,
      15019.69,
      14926.57,
      14971.64,
      14986.54,
      14966.01,
      14932.82
    ],
    "mean": 14946.358000000002,
    "sd": 59.62398786469176,
    "cv_pct": 0.39891984297908395
  },
  "kernel": {
    "values": [
      10157.32,
      10255.86,
      10301.9,
      9885.15,
      9952.37,
      10015.63,
      10136.39,
      10232.13,
      10198.23,
      10186.73
    ],
    "mean": 10132.170999999998,
    "sd": 137.0397471498283,
    "cv_pct": 1.352521065325766
  },
  "bpftime": {
    "values": [
      9861.47,
      9977.17,
      10255.76,
      9647.82,
      9937.29,
      9935.57,
      9976.42,
      9926.1,
      9946.01,
      10004.2
    ],
    "mean": 9946.780999999999,
    "sd": 148.274008994609,
    "cv_pct": 1.490673304203732
  },
  "aggregate_delta_pct": -1.8297164546472762,
  "paired_delta_pct": {
    "values": [
      -2.9126777535806725,
      -2.7173732870768563,
      -0.44787854667585025,
      -2.400874038330222,
      -0.15152169784684377,
      -0.7993506149887676,
      -1.5781752675262037,
      -2.9908728681124934,
      -2.4731742665148695,
      -1.791840953868404
    ],
    "mean": -1.8263739294521186,
    "sd": 1.0488801537065362,
    "positive": 0,
    "negative": 10
  }
}
